id,realm_name,calendar_year,year_month,ym_code,incident_count,mean_mttd_hours,median_mttd_hours,mean_mttr_hours,median_mttr_hours,updated_at
Apps_2022-01,Apps,2022,Jan 2022,2022-01,0,0.0,0.0,0.0,0.0,2026-08-28 22:52:02
Apps_2022-02,Apps,2022,Feb 2022,2022-02,0,0.0,0.0,0.0,0.0,2026-08-28 22:52:02
Apps_2022-03,Apps,2022,Mar 2022,2022-03,0,0.0,0.0,0.0,0.0,2026-08-28 22:52:02
Apps_2022-04,Apps,2022,Apr 2022,2022-04,0,0.0,0.0,0.0,0.0,2026-08-28 22:52:02
Apps_2022-05,Apps,2022,May 2022,2022-05,0,0.0,0.0,0.0,0.0,2026-08-28 22:52:02
Apps_2022-06,Apps,2022,Jun 2022,2022-06,0,0.0,0.0,0.0,0.0,2026-08-28 22:52:02
Apps_2022-07,Apps,2022,Jul 2022,2022-07,1,2.0,2.0,5.58,5.58,2026-08-28 22:52:02
Apps_2022-08,Apps,2022,Aug 2022,2022-08,2,0.74,0.74,0.81,0.81,2026-08-28 22:52:02
Apps_2022-09,Apps,2022,Sep 2022,2022-09,0,0.0,0.0,0.0,0.0,2026-08-28 22:52:02
Apps_2022-10,Apps,2022,Oct 2022,2022-10,1,0.56,0.56,0.79,0.79,2026-08-28 22:52:02
Apps_2022-11,Apps,2022,Nov 2022,2022-11,0,0.0,0.0,0.0,0.0,2026-08-28 22:52:02
Apps_2022-12,Apps,2022,Dec 2022,2022-12,0,0.0,0.0,0.0,0.0,2026-08-28 22:52:02
Apps_2023-01,Apps,2023,Jan 2023,2023-01,0,0.0,0.0,0.0,0.0,2026-08-28 22:52:02
Apps_2023-02,Apps,2023,Feb 2023,2023-02,1,1.03,1.03,1.04,1.04,2026-08-28 22:52:02
Apps_2023-03,Apps,2023,Mar 2023,2023-03,1,6.91,6.91,19.9,19.9,2026-08-28 22:52:02
Apps_2023-04,Apps,2023,Apr 2023,2023-04,2,0.55,0.55,0.68,0.68,2026-08-28 22:52:02
Apps_2023-05,Apps,2023,May 2023,2023-05,0,0.0,0.0,0.0,0.0,2026-08-28 22:52:02
Apps_2023-06,Apps,2023,Jun 2023,2023-06,0,0.0,0.0,0.0,0.0,2026-08-28 22:52:02
Apps_2023-07,Apps,2023,Jul 2023,2023-07,0,0.0,0.0,0.0,0.0,2026-08-28 22:52:02
Apps_2023-08,Apps,2023,Aug 2023,2023-08,3,1.78,2.61,1.99,2.13,2026-08-28 22:52:02
Apps_2023-09,Apps,2023,Sep 2023,2023-09,2,0.86,0.86,2.51,2.51,2026-08-28 22:52:02
Apps_2023-10,Apps,2023,Oct 2023,2023-10,2,6.47,6.47,18.68,18.68,2026-08-28 22:52:02
Apps_2023-11,Apps,2023,Nov 2023,2023-11,0,0.0,0.0,0.0,0.0,2026-08-28 22:52:02
Apps_2023-12,Apps,2023,Dec 2023,2023-12,1,6.67,6.67,5.0,5.0,2026-08-28 22:52:02
Apps_2024-01,Apps,2024,Jan 2024,2024-01,0,0.0,0.0,0.0,0.0,2026-08-28 22:52:02
Apps_2024-02,Apps,2024,Feb 2024,2024-02,0,0.0,0.0,0.0,0.0,2026-08-28 22:52:02
Apps_2024-03,Apps,2024,Mar 2024,2024-03,1,0.53,0.53,0.62,0.62,2026-08-28 22:52:02
Apps_2024-04,Apps,2024,Apr 2024,2024-04,0,0.0,0.0,0.0,0.0,2026-08-28 22:52:02
Apps_2024-05,Apps,2024,May 2024,2024-05,1,120.15,120.15,120.21,120.21,2026-08-28 22:52:02
Apps_2024-06,Apps,2024,Jun 2024,2024-06,1,41.83,41.83,46.33,46.33,2026-08-28 22:52:02
Apps_2024-07,Apps,2024,Jul 2024,2024-07,0,0.0,0.0,0.0,0.0,2026-08-28 22:52:02
Apps_2024-08,Apps,2024,Aug 2024,2024-08,0,0.0,0.0,0.0,0.0,2026-08-28 22:52:02
Apps_2024-09,Apps,2024,Sep 2024,2024-09,0,0.0,0.0,0.0,0.0,2026-08-28 22:52:02
Apps_2024-10,Apps,2024,Oct 2024,2024-10,0,0.0,0.0,0.0,0.0,2026-08-28 22:52:02
Apps_2024-11,Apps,2024,Nov 2024,2024-11,1,9.48,9.48,11.77,11.77,2026-08-28 22:52:02
Apps_2024-12,Apps,2024,Dec 2024,2024-12,0,0.0,0.0,0.0,0.0,2026-08-28 22:52:02
Apps_2025-01,Apps,2025,Jan 2025,2025-01,1,0.92,0.92,1.15,1.15,2026-08-28 22:52:02
Apps_2025-02,Apps,2025,Feb 2025,2025-02,3,0.34,0.12,0.76,0.33,2026-08-28 22:52:02
Apps_2025-03,Apps,2025,Mar 2025,2025-03,0,0.0,0.0,0.0,0.0,2026-08-28 22:52:02
Apps_2025-04,Apps,2025,Apr 2025,2025-04,1,1.0,1.0,1.67,1.67,2026-08-28 22:52:02
Apps_2025-05,Apps,2025,May 2025,2025-05,0,0.0,0.0,0.0,0.0,2026-08-28 22:52:02
Apps_2025-06,Apps,2025,Jun 2025,2025-06,1,6.48,6.48,7.07,7.07,2026-08-28 22:52:02
Apps_2025-07,Apps,2025,Jul 2025,2025-07,0,0.0,0.0,0.0,0.0,2026-08-28 22:52:02
Apps_2025-08,Apps,2025,Aug 2025,2025-08,0,0.0,0.0,0.0,0.0,2026-08-28 22:52:02
Apps_2025-09,Apps,2025,Sep 2025,2025-09,0,0.0,0.0,0.0,0.0,2026-08-28 22:52:02
Apps_2025-10,Apps,2025,Oct 2025,2025-10,1,0.58,0.58,0.73,0.73,2026-08-28 22:52:02
Apps_2025-11,Apps,2025,Nov 2025,2025-11,1,6.6,6.6,6.6,6.6,2026-08-28 22:52:02
Apps_2025-12,Apps,2025,Dec 2025,2025-12,0,0.0,0.0,0.0,0.0,2026-08-28 22:52:02
Apps_2026-01,Apps,2026,Jan 2026,2026-01,1,0.2,0.2,0.33,0.33,2026-08-28 22:52:02
Apps_2026-02,Apps,2026,Feb 2026,2026-02,0,0.0,0.0,0.0,0.0,2026-08-28 22:52:02
Apps_2026-03,Apps,2026,Mar 2026,2026-03,2,1.06,1.06,1.98,1.98,2026-08-28 22:52:02
Apps_2026-04,Apps,2026,Apr 2026,2026-04,1,0.75,0.75,1.5,1.5,2026-08-28 22:52:02
Apps_2026-05,Apps,2026,May 2026,2026-05,1,5.58,5.58,9.25,9.25,2026-08-28 22:52:02
Apps_2026-06,Apps,2026,Jun 2026,2026-06,0,0.0,0.0,0.0,0.0,2026-08-28 22:52:02
Apps_2026-07,Apps,2026,Jul 2026,2026-07,0,0.0,0.0,0.0,0.0,2026-08-28 22:52:02
Apps_2026-08,Apps,2026,Aug 2026,2026-08,1,2.23,2.23,2.48,2.48,2026-08-28 22:52:02
Apps_2026-09,Apps,2026,Sep 2026,2026-09,0,0.0,0.0,0.0,0.0,2026-08-28 22:52:02
Apps_2026-10,Apps,2026,Oct 2026,2026-10,0,0.0,0.0,0.0,0.0,2026-08-28 22:52:02
Apps_2026-11,Apps,2026,Nov 2026,2026-11,0,0.0,0.0,0.0,0.0,2026-08-28 22:52:02
Apps_2026-12,Apps,2026,Dec 2026,2026-12,0,0.0,0.0,0.0,0.0,2026-08-28 22:52:02
Core_2022-01,Core,2022,Jan 2022,2022-01,0,0.0,0.0,0.0,0.0,2026-08-28 22:52:02
Core_2022-02,Core,2022,Feb 2022,2022-02,0,0.0,0.0,0.0,0.0,2026-08-28 22:52:02
Core_2022-03,Core,2022,Mar 2022,2022-03,0,0.0,0.0,0.0,0.0,2026-08-28 22:52:02
Core_2022-04,Core,2022,Apr 2022,2022-04,0,0.0,0.0,0.0,0.0,2026-08-28 22:52:02
Core_2022-05,Core,2022,May 2022,2022-05,0,0.0,0.0,0.0,0.0,2026-08-28 22:52:02
Core_2022-06,Core,2022,Jun 2022,2022-06,3,0.76,0.6,1.06,1.15,2026-08-28 22:52:02
Core_2022-07,Core,2022,Jul 2022,2022-07,1,2.0,2.0,5.58,5.58,2026-08-28 22:52:02
Core_2022-08,Core,2022,Aug 2022,2022-08,2,0.47,0.47,0.52,0.52,2026-08-28 22:52:02
Core_2022-09,Core,2022,Sep 2022,2022-09,0,0.0,0.0,0.0,0.0,2026-08-28 22:52:02
Core_2022-10,Core,2022,Oct 2022,2022-10,1,0.56,0.56,0.79,0.79,2026-08-28 22:52:02
Core_2022-11,Core,2022,Nov 2022,2022-11,0,0.0,0.0,0.0,0.0,2026-08-28 22:52:02
Core_2022-12,Core,2022,Dec 2022,2022-12,0,0.0,0.0,0.0,0.0,2026-08-28 22:52:02
Core_2023-01,Core,2023,Jan 2023,2023-01,0,0.0,0.0,0.0,0.0,2026-08-28 22:52:02
Core_2023-02,Core,2023,Feb 2023,2023-02,1,1.03,1.03,1.04,1.04,2026-08-28 22:52:02
Core_2023-03,Core,2023,Mar 2023,2023-03,1,6.91,6.91,19.9,19.9,2026-08-28 22:52:02
Core_2023-04,Core,2023,Apr 2023,2023-04,3,7.5,0.62,7.69,0.69,2026-08-28 22:52:02
Core_2023-05,Core,2023,May 2023,2023-05,2,2.21,2.21,4.45,4.45,2026-08-28 22:52:02
Core_2023-06,Core,2023,Jun 2023,2023-06,1,1.57,1.57,3.24,3.24,2026-08-28 22:52:02
Core_2023-07,Core,2023,Jul 2023,2023-07,1,0.91,0.91,0.7,0.7,2026-08-28 22:52:02
Core_2023-08,Core,2023,Aug 2023,2023-08,1,0.07,0.07,0.13,0.13,2026-08-28 22:52:02
Core_2023-09,Core,2023,Sep 2023,2023-09,3,0.35,0.21,0.72,0.69,2026-08-28 22:52:02
Core_2023-10,Core,2023,Oct 2023,2023-10,1,4.62,4.62,6.02,6.02,2026-08-28 22:52:02
Core_2023-11,Core,2023,Nov 2023,2023-11,2,1.55,1.55,1.85,1.85,2026-08-28 22:52:02
Core_2023-12,Core,2023,Dec 2023,2023-12,3,0.53,0.6,1.24,0.92,2026-08-28 22:52:02
Core_2024-01,Core,2024,Jan 2024,2024-01,2,0.46,0.46,1.44,1.44,2026-08-28 22:52:02
Core_2024-02,Core,2024,Feb 2024,2024-02,0,0.0,0.0,0.0,0.0,2026-08-28 22:52:02
Core_2024-03,Core,2024,Mar 2024,2024-03,1,0.84,0.84,1.05,1.05,2026-08-28 22:52:02
Core_2024-04,Core,2024,Apr 2024,2024-04,3,0.44,0.37,1.83,1.33,2026-08-28 22:52:02
Core_2024-05,Core,2024,May 2024,2024-05,1,120.15,120.15,120.21,120.21,2026-08-28 22:52:02
Core_2024-06,Core,2024,Jun 2024,2024-06,1,41.83,41.83,46.33,46.33,2026-08-28 22:52:02
Core_2024-07,Core,2024,Jul 2024,2024-07,0,0.0,0.0,0.0,0.0,2026-08-28 22:52:02
Core_2024-08,Core,2024,Aug 2024,2024-08,1,0.07,0.07,0.47,0.47,2026-08-28 22:52:02
Core_2024-09,Core,2024,Sep 2024,2024-09,1,13.75,13.75,14.78,14.78,2026-08-28 22:52:02
Core_2024-10,Core,2024,Oct 2024,2024-10,0,0.0,0.0,0.0,0.0,2026-08-28 22:52:02
Core_2024-11,Core,2024,Nov 2024,2024-11,1,2.33,2.33,2.95,2.95,2026-08-28 22:52:02
Core_2024-12,Core,2024,Dec 2024,2024-12,0,0.0,0.0,0.0,0.0,2026-08-28 22:52:02
Core_2025-01,Core,2025,Jan 2025,2025-01,2,0.94,0.94,1.34,1.34,2026-08-28 22:52:02
Core_2025-02,Core,2025,Feb 2025,2025-02,1,24.92,24.92,51.12,51.12,2026-08-28 22:52:02
Core_2025-03,Core,2025,Mar 2025,2025-03,1,163.8,163.8,164.47,164.47,2026-08-28 22:52:02
Core_2025-04,Core,2025,Apr 2025,2025-04,1,0.0,0.0,1.3,1.3,2026-08-28 22:52:02
Core_2025-05,Core,2025,May 2025,2025-05,1,1.32,1.32,1.95,1.95,2026-08-28 22:52:02
Core_2025-06,Core,2025,Jun 2025,2025-06,2,3.28,3.28,4.04,4.04,2026-08-28 22:52:02
Core_2025-07,Core,2025,Jul 2025,2025-07,1,0.08,0.08,0.38,0.38,2026-08-28 22:52:02
Core_2025-08,Core,2025,Aug 2025,2025-08,0,0.0,0.0,0.0,0.0,2026-08-28 22:52:02
Core_2025-09,Core,2025,Sep 2025,2025-09,0,0.0,0.0,0.0,0.0,2026-08-28 22:52:02
Core_2025-10,Core,2025,Oct 2025,2025-10,2,0.52,0.52,0.62,0.62,2026-08-28 22:52:02
Core_2025-11,Core,2025,Nov 2025,2025-11,0,0.0,0.0,0.0,0.0,2026-08-28 22:52:02
Core_2025-12,Core,2025,Dec 2025,2025-12,1,0.3,0.3,0.65,0.65,2026-08-28 22:52:02
Core_2026-01,Core,2026,Jan 2026,2026-01,1,0.2,0.2,0.33,0.33,2026-08-28 22:52:02
Core_2026-02,Core,2026,Feb 2026,2026-02,1,575.0,575.0,575.2,575.2,2026-08-28 22:52:02
Core_2026-03,Core,2026,Mar 2026,2026-03,3,0.53,0.55,1.64,2.07,2026-08-28 22:52:02
Core_2026-04,Core,2026,Apr 2026,2026-04,0,0.0,0.0,0.0,0.0,2026-08-28 22:52:02
Core_2026-05,Core,2026,May 2026,2026-05,1,5.58,5.58,9.25,9.25,2026-08-28 22:52:02
Core_2026-06,Core,2026,Jun 2026,2026-06,0,0.0,0.0,0.0,0.0,2026-08-28 22:52:02
Core_2026-07,Core,2026,Jul 2026,2026-07,1,0.03,0.03,0.18,0.18,2026-08-28 22:52:02
Core_2026-08,Core,2026,Aug 2026,2026-08,1,2.23,2.23,2.48,2.48,2026-08-28 22:52:02
Core_2026-09,Core,2026,Sep 2026,2026-09,0,0.0,0.0,0.0,0.0,2026-08-28 22:52:02
Core_2026-10,Core,2026,Oct 2026,2026-10,0,0.0,0.0,0.0,0.0,2026-08-28 22:52:02
Core_2026-11,Core,2026,Nov 2026,2026-11,0,0.0,0.0,0.0,0.0,2026-08-28 22:52:02
Core_2026-12,Core,2026,Dec 2026,2026-12,0,0.0,0.0,0.0,0.0,2026-08-28 22:52:02
Machines Realm I - OS&FW_2023-01,Machines Realm I - OS&FW,2023,Jan 2023,2023-01,0,0.0,0.0,0.0,0.0,2026-08-28 22:52:02
Machines Realm I - OS&FW_2023-02,Machines Realm I - OS&FW,2023,Feb 2023,2023-02,0,0.0,0.0,0.0,0.0,2026-08-28 22:52:02
Machines Realm I - OS&FW_2023-03,Machines Realm I - OS&FW,2023,Mar 2023,2023-03,0,0.0,0.0,0.0,0.0,2026-08-28 22:52:02
Machines Realm I - OS&FW_2023-04,Machines Realm I - OS&FW,2023,Apr 2023,2023-04,0,0.0,0.0,0.0,0.0,2026-08-28 22:52:02
Machines Realm I - OS&FW_2023-05,Machines Realm I - OS&FW,2023,May 2023,2023-05,0,0.0,0.0,0.0,0.0,2026-08-28 22:52:02
Machines Realm I - OS&FW_2023-06,Machines Realm I - OS&FW,2023,Jun 2023,2023-06,0,0.0,0.0,0.0,0.0,2026-08-28 22:52:02
Machines Realm I - OS&FW_2023-07,Machines Realm I - OS&FW,2023,Jul 2023,2023-07,0,0.0,0.0,0.0,0.0,2026-08-28 22:52:02
Machines Realm I - OS&FW_2023-08,Machines Realm I - OS&FW,2023,Aug 2023,2023-08,0,0.0,0.0,0.0,0.0,2026-08-28 22:52:02
Machines Realm I - OS&FW_2023-09,Machines Realm I - OS&FW,2023,Sep 2023,2023-09,0,0.0,0.0,0.0,0.0,2026-08-28 22:52:02
Machines Realm I - OS&FW_2023-10,Machines Realm I - OS&FW,2023,Oct 2023,2023-10,1,72.83,72.83,74.83,74.83,2026-08-28 22:52:02
Machines Realm I - OS&FW_2023-11,Machines Realm I - OS&FW,2023,Nov 2023,2023-11,1,0.82,0.82,0.88,0.88,2026-08-28 22:52:02
Machines Realm I - OS&FW_2023-12,Machines Realm I - OS&FW,2023,Dec 2023,2023-12,0,0.0,0.0,0.0,0.0,2026-08-28 22:52:02
Machines Realm I - OS&FW_2024-01,Machines Realm I - OS&FW,2024,Jan 2024,2024-01,0,0.0,0.0,0.0,0.0,2026-08-28 22:52:02
Machines Realm I - OS&FW_2024-02,Machines Realm I - OS&FW,2024,Feb 2024,2024-02,0,0.0,0.0,0.0,0.0,2026-08-28 22:52:02
Machines Realm I - OS&FW_2024-03,Machines Realm I - OS&FW,2024,Mar 2024,2024-03,0,0.0,0.0,0.0,0.0,2026-08-28 22:52:02
Machines Realm I - OS&FW_2024-04,Machines Realm I - OS&FW,2024,Apr 2024,2024-04,1,0.37,0.37,0.65,0.65,2026-08-28 22:52:02
Machines Realm I - OS&FW_2024-05,Machines Realm I - OS&FW,2024,May 2024,2024-05,0,0.0,0.0,0.0,0.0,2026-08-28 22:52:02
Machines Realm I - OS&FW_2024-06,Machines Realm I - OS&FW,2024,Jun 2024,2024-06,0,0.0,0.0,0.0,0.0,2026-08-28 22:52:02
Machines Realm I - OS&FW_2024-07,Machines Realm I - OS&FW,2024,Jul 2024,2024-07,0,0.0,0.0,0.0,0.0,2026-08-28 22:52:02
Machines Realm I - OS&FW_2024-08,Machines Realm I - OS&FW,2024,Aug 2024,2024-08,0,0.0,0.0,0.0,0.0,2026-08-28 22:52:02
Machines Realm I - OS&FW_2024-09,Machines Realm I - OS&FW,2024,Sep 2024,2024-09,0,0.0,0.0,0.0,0.0,2026-08-28 22:52:02
Machines Realm I - OS&FW_2024-10,Machines Realm I - OS&FW,2024,Oct 2024,2024-10,0,0.0,0.0,0.0,0.0,2026-08-28 22:52:02
Machines Realm I - OS&FW_2024-11,Machines Realm I - OS&FW,2024,Nov 2024,2024-11,0,0.0,0.0,0.0,0.0,2026-08-28 22:52:02
Machines Realm I - OS&FW_2024-12,Machines Realm I - OS&FW,2024,Dec 2024,2024-12,0,0.0,0.0,0.0,0.0,2026-08-28 22:52:02
Machines Realm II - MSW & FH_2022-01,Machines Realm II - MSW & FH,2022,Jan 2022,2022-01,0,0.0,0.0,0.0,0.0,2026-08-28 22:52:02
Machines Realm II - MSW & FH_2022-02,Machines Realm II - MSW & FH,2022,Feb 2022,2022-02,0,0.0,0.0,0.0,0.0,2026-08-28 22:52:02
Machines Realm II - MSW & FH_2022-03,Machines Realm II - MSW & FH,2022,Mar 2022,2022-03,0,0.0,0.0,0.0,0.0,2026-08-28 22:52:02
Machines Realm II - MSW & FH_2022-04,Machines Realm II - MSW & FH,2022,Apr 2022,2022-04,0,0.0,0.0,0.0,0.0,2026-08-28 22:52:02
Machines Realm II - MSW & FH_2022-05,Machines Realm II - MSW & FH,2022,May 2022,2022-05,0,0.0,0.0,0.0,0.0,2026-08-28 22:52:02
Machines Realm II - MSW & FH_2022-06,Machines Realm II - MSW & FH,2022,Jun 2022,2022-06,1,1.21,1.21,1.35,1.35,2026-08-28 22:52:02
Machines Realm II - MSW & FH_2022-07,Machines Realm II - MSW & FH,2022,Jul 2022,2022-07,0,0.0,0.0,0.0,0.0,2026-08-28 22:52:02
Machines Realm II - MSW & FH_2022-08,Machines Realm II - MSW & FH,2022,Aug 2022,2022-08,1,0.35,0.35,0.35,0.35,2026-08-28 22:52:02
Machines Realm II - MSW & FH_2022-09,Machines Realm II - MSW & FH,2022,Sep 2022,2022-09,0,0.0,0.0,0.0,0.0,2026-08-28 22:52:02
Machines Realm II - MSW & FH_2022-10,Machines Realm II - MSW & FH,2022,Oct 2022,2022-10,1,1.01,1.01,1.15,1.15,2026-08-28 22:52:02
Machines Realm II - MSW & FH_2022-11,Machines Realm II - MSW & FH,2022,Nov 2022,2022-11,0,0.0,0.0,0.0,0.0,2026-08-28 22:52:02
Machines Realm II - MSW & FH_2022-12,Machines Realm II - MSW & FH,2022,Dec 2022,2022-12,1,3.12,3.12,3.21,3.21,2026-08-28 22:52:02
Machines Realm II - MSW & FH_2023-01,Machines Realm II - MSW & FH,2023,Jan 2023,2023-01,0,0.0,0.0,0.0,0.0,2026-08-28 22:52:02
Machines Realm II - MSW & FH_2023-02,Machines Realm II - MSW & FH,2023,Feb 2023,2023-02,0,0.0,0.0,0.0,0.0,2026-08-28 22:52:02
Machines Realm II - MSW & FH_2023-03,Machines Realm II - MSW & FH,2023,Mar 2023,2023-03,0,0.0,0.0,0.0,0.0,2026-08-28 22:52:02
Machines Realm II - MSW & FH_2023-04,Machines Realm II - MSW & FH,2023,Apr 2023,2023-04,2,14.75,14.75,15.21,15.21,2026-08-28 22:52:02
Machines Realm II - MSW & FH_2023-05,Machines Realm II - MSW & FH,2023,May 2023,2023-05,0,0.0,0.0,0.0,0.0,2026-08-28 22:52:02
Machines Realm II - MSW & FH_2023-06,Machines Realm II - MSW & FH,2023,Jun 2023,2023-06,1,1.57,1.57,3.24,3.24,2026-08-28 22:52:02
Machines Realm II - MSW & FH_2023-07,Machines Realm II - MSW & FH,2023,Jul 2023,2023-07,0,0.0,0.0,0.0,0.0,2026-08-28 22:52:02
Machines Realm II - MSW & FH_2023-08,Machines Realm II - MSW & FH,2023,Aug 2023,2023-08,1,0.07,0.07,0.13,0.13,2026-08-28 22:52:02
Machines Realm II - MSW & FH_2023-09,Machines Realm II - MSW & FH,2023,Sep 2023,2023-09,2,35.12,35.12,1.37,1.37,2026-08-28 22:52:02
Machines Realm II - MSW & FH_2023-10,Machines Realm II - MSW & FH,2023,Oct 2023,2023-10,0,0.0,0.0,0.0,0.0,2026-08-28 22:52:02
Machines Realm II - MSW & FH_2023-11,Machines Realm II - MSW & FH,2023,Nov 2023,2023-11,0,0.0,0.0,0.0,0.0,2026-08-28 22:52:02
Machines Realm II - MSW & FH_2023-12,Machines Realm II - MSW & FH,2023,Dec 2023,2023-12,1,0.33,0.33,0.37,0.37,2026-08-28 22:52:02
Machines Realm II - MSW & FH_2024-01,Machines Realm II - MSW & FH,2024,Jan 2024,2024-01,0,0.0,0.0,0.0,0.0,2026-08-28 22:52:02
Machines Realm II - MSW & FH_2024-02,Machines Realm II - MSW & FH,2024,Feb 2024,2024-02,0,0.0,0.0,0.0,0.0,2026-08-28 22:52:02
Machines Realm II - MSW & FH_2024-03,Machines Realm II - MSW & FH,2024,Mar 2024,2024-03,1,0.53,0.53,0.62,0.62,2026-08-28 22:52:02
Machines Realm II - MSW & FH_2024-04,Machines Realm II - MSW & FH,2024,Apr 2024,2024-04,1,0.37,0.37,0.65,0.65,2026-08-28 22:52:02
Machines Realm II - MSW & FH_2024-05,Machines Realm II - MSW & FH,2024,May 2024,2024-05,1,0.62,0.62,0.61,0.61,2026-08-28 22:52:02
Machines Realm II - MSW & FH_2024-06,Machines Realm II - MSW & FH,2024,Jun 2024,2024-06,0,0.0,0.0,0.0,0.0,2026-08-28 22:52:02
Machines Realm II - MSW & FH_2024-07,Machines Realm II - MSW & FH,2024,Jul 2024,2024-07,0,0.0,0.0,0.0,0.0,2026-08-28 22:52:02
Machines Realm II - MSW & FH_2024-08,Machines Realm II - MSW & FH,2024,Aug 2024,2024-08,0,0.0,0.0,0.0,0.0,2026-08-28 22:52:02
Machines Realm II - MSW & FH_2024-09,Machines Realm II - MSW & FH,2024,Sep 2024,2024-09,0,0.0,0.0,0.0,0.0,2026-08-28 22:52:02
Machines Realm II - MSW & FH_2024-10,Machines Realm II - MSW & FH,2024,Oct 2024,2024-10,0,0.0,0.0,0.0,0.0,2026-08-28 22:52:02
Machines Realm II - MSW & FH_2024-11,Machines Realm II - MSW & FH,2024,Nov 2024,2024-11,0,0.0,0.0,0.0,0.0,2026-08-28 22:52:02
Machines Realm II - MSW & FH_2024-12,Machines Realm II - MSW & FH,2024,Dec 2024,2024-12,0,0.0,0.0,0.0,0.0,2026-08-28 22:52:02
Machines Realm II - MSW & FH_2025-01,Machines Realm II - MSW & FH,2025,Jan 2025,2025-01,0,0.0,0.0,0.0,0.0,2026-08-28 22:52:02
Machines Realm II - MSW & FH_2025-02,Machines Realm II - MSW & FH,2025,Feb 2025,2025-02,0,0.0,0.0,0.0,0.0,2026-08-28 22:52:02
Machines Realm II - MSW & FH_2025-03,Machines Realm II - MSW & FH,2025,Mar 2025,2025-03,0,0.0,0.0,0.0,0.0,2026-08-28 22:52:02
Machines Realm II - MSW & FH_2025-04,Machines Realm II - MSW & FH,2025,Apr 2025,2025-04,0,0.0,0.0,0.0,0.0,2026-08-28 22:52:02
Machines Realm II - MSW & FH_2025-05,Machines Realm II - MSW & FH,2025,May 2025,2025-05,1,3.98,3.98,4.85,4.85,2026-08-28 22:52:02
Machines Realm II - MSW & FH_2025-06,Machines Realm II - MSW & FH,2025,Jun 2025,2025-06,1,3.01,3.01,4.33,4.33,2026-08-28 22:52:02
Machines Realm II - MSW & FH_2025-07,Machines Realm II - MSW & FH,2025,Jul 2025,2025-07,0,0.0,0.0,0.0,0.0,2026-08-28 22:52:02
Machines Realm II - MSW & FH_2025-08,Machines Realm II - MSW & FH,2025,Aug 2025,2025-08,0,0.0,0.0,0.0,0.0,2026-08-28 22:52:02
Machines Realm II - MSW & FH_2025-09,Machines Realm II - MSW & FH,2025,Sep 2025,2025-09,0,0.0,0.0,0.0,0.0,2026-08-28 22:52:02
Machines Realm II - MSW & FH_2025-10,Machines Realm II - MSW & FH,2025,Oct 2025,2025-10,0,0.0,0.0,0.0,0.0,2026-08-28 22:52:02
Machines Realm II - MSW & FH_2025-11,Machines Realm II - MSW & FH,2025,Nov 2025,2025-11,0,0.0,0.0,0.0,0.0,2026-08-28 22:52:02
Machines Realm II - MSW & FH_2025-12,Machines Realm II - MSW & FH,2025,Dec 2025,2025-12,1,0.3,0.3,0.65,0.65,2026-08-28 22:52:02
Machines Realm II - MSW & FH_2026-01,Machines Realm II - MSW & FH,2026,Jan 2026,2026-01,0,0.0,0.0,0.0,0.0,2026-08-28 22:52:02
Machines Realm II - MSW & FH_2026-02,Machines Realm II - MSW & FH,2026,Feb 2026,2026-02,1,0.87,0.87,1.28,1.28,2026-08-28 22:52:02
Machines Realm II - MSW & FH_2026-03,Machines Realm II - MSW & FH,2026,Mar 2026,2026-03,1,11.92,11.92,12.35,12.35,2026-08-28 22:52:02
Machines Realm II - MSW & FH_2026-04,Machines Realm II - MSW & FH,2026,Apr 2026,2026-04,1,0.75,0.75,1.5,1.5,2026-08-28 22:52:02
Machines Realm II - MSW & FH_2026-05,Machines Realm II - MSW & FH,2026,May 2026,2026-05,1,5.58,5.58,9.25,9.25,2026-08-28 22:52:02
Machines Realm II - MSW & FH_2026-06,Machines Realm II - MSW & FH,2026,Jun 2026,2026-06,1,0.37,0.37,1.5,1.5,2026-08-28 22:52:02
Machines Realm II - MSW & FH_2026-07,Machines Realm II - MSW & FH,2026,Jul 2026,2026-07,2,0.9,0.9,1.32,1.32,2026-08-28 22:52:02
Machines Realm II - MSW & FH_2026-08,Machines Realm II - MSW & FH,2026,Aug 2026,2026-08,0,0.0,0.0,0.0,0.0,2026-08-28 22:52:02
Machines Realm II - MSW & FH_2026-09,Machines Realm II - MSW & FH,2026,Sep 2026,2026-09,0,0.0,0.0,0.0,0.0,2026-08-28 22:52:02
Machines Realm II - MSW & FH_2026-10,Machines Realm II - MSW & FH,2026,Oct 2026,2026-10,0,0.0,0.0,0.0,0.0,2026-08-28 22:52:02
Machines Realm II - MSW & FH_2026-11,Machines Realm II - MSW & FH,2026,Nov 2026,2026-11,0,0.0,0.0,0.0,0.0,2026-08-28 22:52:02
Machines Realm II - MSW & FH_2026-12,Machines Realm II - MSW & FH,2026,Dec 2026,2026-12,0,0.0,0.0,0.0,0.0,2026-08-28 22:52:02
Realm Support Services_2022-01,Realm Support Services,2022,Jan 2022,2022-01,0,0.0,0.0,0.0,0.0,2026-08-28 22:52:02
Realm Support Services_2022-02,Realm Support Services,2022,Feb 2022,2022-02,0,0.0,0.0,0.0,0.0,2026-08-28 22:52:02
Realm Support Services_2022-03,Realm Support Services,2022,Mar 2022,2022-03,0,0.0,0.0,0.0,0.0,2026-08-28 22:52:02
Realm Support Services_2022-04,Realm Support Services,2022,Apr 2022,2022-04,0,0.0,0.0,0.0,0.0,2026-08-28 22:52:02
Realm Support Services_2022-05,Realm Support Services,2022,May 2022,2022-05,0,0.0,0.0,0.0,0.0,2026-08-28 22:52:02
Realm Support Services_2022-06,Realm Support Services,2022,Jun 2022,2022-06,1,0.6,0.6,0.68,0.68,2026-08-28 22:52:02
Realm Support Services_2022-07,Realm Support Services,2022,Jul 2022,2022-07,0,0.0,0.0,0.0,0.0,2026-08-28 22:52:02
Realm Support Services_2022-08,Realm Support Services,2022,Aug 2022,2022-08,0,0.0,0.0,0.0,0.0,2026-08-28 22:52:02
Realm Support Services_2022-09,Realm Support Services,2022,Sep 2022,2022-09,1,9.13,9.13,9.27,9.27,2026-08-28 22:52:02
Realm Support Services_2022-10,Realm Support Services,2022,Oct 2022,2022-10,0,0.0,0.0,0.0,0.0,2026-08-28 22:52:02
Realm Support Services_2022-11,Realm Support Services,2022,Nov 2022,2022-11,0,0.0,0.0,0.0,0.0,2026-08-28 22:52:02
Realm Support Services_2022-12,Realm Support Services,2022,Dec 2022,2022-12,0,0.0,0.0,0.0,0.0,2026-08-28 22:52:02
Realm Support Services_2023-01,Realm Support Services,2023,Jan 2023,2023-01,0,0.0,0.0,0.0,0.0,2026-08-28 22:52:02
Realm Support Services_2023-02,Realm Support Services,2023,Feb 2023,2023-02,1,1.03,1.03,1.04,1.04,2026-08-28 22:52:02
Realm Support Services_2023-03,Realm Support Services,2023,Mar 2023,2023-03,0,0.0,0.0,0.0,0.0,2026-08-28 22:52:02
Realm Support Services_2023-04,Realm Support Services,2023,Apr 2023,2023-04,0,0.0,0.0,0.0,0.0,2026-08-28 22:52:02
Realm Support Services_2023-05,Realm Support Services,2023,May 2023,2023-05,0,0.0,0.0,0.0,0.0,2026-08-28 22:52:02
Realm Support Services_2023-06,Realm Support Services,2023,Jun 2023,2023-06,0,0.0,0.0,0.0,0.0,2026-08-28 22:52:02
Realm Support Services_2023-07,Realm Support Services,2023,Jul 2023,2023-07,0,0.0,0.0,0.0,0.0,2026-08-28 22:52:02
Realm Support Services_2023-08,Realm Support Services,2023,Aug 2023,2023-08,0,0.0,0.0,0.0,0.0,2026-08-28 22:52:02
Realm Support Services_2023-09,Realm Support Services,2023,Sep 2023,2023-09,0,0.0,0.0,0.0,0.0,2026-08-28 22:52:02
Realm Support Services_2023-10,Realm Support Services,2023,Oct 2023,2023-10,0,0.0,0.0,0.0,0.0,2026-08-28 22:52:02
Realm Support Services_2023-11,Realm Support Services,2023,Nov 2023,2023-11,0,0.0,0.0,0.0,0.0,2026-08-28 22:52:02
Realm Support Services_2023-12,Realm Support Services,2023,Dec 2023,2023-12,3,2.65,0.67,2.78,2.43,2026-08-28 22:52:02
Realm Support Services_2024-01,Realm Support Services,2024,Jan 2024,2024-01,0,0.0,0.0,0.0,0.0,2026-08-28 22:52:02
Realm Support Services_2024-02,Realm Support Services,2024,Feb 2024,2024-02,0,0.0,0.0,0.0,0.0,2026-08-28 22:52:02
Realm Support Services_2024-03,Realm Support Services,2024,Mar 2024,2024-03,0,0.0,0.0,0.0,0.0,2026-08-28 22:52:02
Realm Support Services_2024-04,Realm Support Services,2024,Apr 2024,2024-04,1,0.37,0.37,0.65,0.65,2026-08-28 22:52:02
Realm Support Services_2024-05,Realm Support Services,2024,May 2024,2024-05,0,0.0,0.0,0.0,0.0,2026-08-28 22:52:02
Realm Support Services_2024-06,Realm Support Services,2024,Jun 2024,2024-06,0,0.0,0.0,0.0,0.0,2026-08-28 22:52:02
Realm Support Services_2024-07,Realm Support Services,2024,Jul 2024,2024-07,0,0.0,0.0,0.0,0.0,2026-08-28 22:52:02
Realm Support Services_2024-08,Realm Support Services,2024,Aug 2024,2024-08,0,0.0,0.0,0.0,0.0,2026-08-28 22:52:02
Realm Support Services_2024-09,Realm Support Services,2024,Sep 2024,2024-09,0,0.0,0.0,0.0,0.0,2026-08-28 22:52:02
Realm Support Services_2024-10,Realm Support Services,2024,Oct 2024,2024-10,0,0.0,0.0,0.0,0.0,2026-08-28 22:52:02
Realm Support Services_2024-11,Realm Support Services,2024,Nov 2024,2024-11,0,0.0,0.0,0.0,0.0,2026-08-28 22:52:02
Realm Support Services_2024-12,Realm Support Services,2024,Dec 2024,2024-12,0,0.0,0.0,0.0,0.0,2026-08-28 22:52:02
Realm Support Services_2025-01,Realm Support Services,2025,Jan 2025,2025-01,0,0.0,0.0,0.0,0.0,2026-08-28 22:52:02
Realm Support Services_2025-02,Realm Support Services,2025,Feb 2025,2025-02,0,0.0,0.0,0.0,0.0,2026-08-28 22:52:02
Realm Support Services_2025-03,Realm Support Services,2025,Mar 2025,2025-03,0,0.0,0.0,0.0,0.0,2026-08-28 22:52:02
Realm Support Services_2025-04,Realm Support Services,2025,Apr 2025,2025-04,0,0.0,0.0,0.0,0.0,2026-08-28 22:52:02
Realm Support Services_2025-05,Realm Support Services,2025,May 2025,2025-05,0,0.0,0.0,0.0,0.0,2026-08-28 22:52:02
Realm Support Services_2025-06,Realm Support Services,2025,Jun 2025,2025-06,0,0.0,0.0,0.0,0.0,2026-08-28 22:52:02
Realm Support Services_2025-07,Realm Support Services,2025,Jul 2025,2025-07,0,0.0,0.0,0.0,0.0,2026-08-28 22:52:02
Realm Support Services_2025-08,Realm Support Services,2025,Aug 2025,2025-08,0,0.0,0.0,0.0,0.0,2026-08-28 22:52:02
Realm Support Services_2025-09,Realm Support Services,2025,Sep 2025,2025-09,0,0.0,0.0,0.0,0.0,2026-08-28 22:52:02
Realm Support Services_2025-10,Realm Support Services,2025,Oct 2025,2025-10,1,0.46,0.46,0.51,0.51,2026-08-28 22:52:02
Realm Support Services_2025-11,Realm Support Services,2025,Nov 2025,2025-11,0,0.0,0.0,0.0,0.0,2026-08-28 22:52:02
Realm Support Services_2025-12,Realm Support Services,2025,Dec 2025,2025-12,0,0.0,0.0,0.0,0.0,2026-08-28 22:52:02
Realm Support Services_2026-01,Realm Support Services,2026,Jan 2026,2026-01,0,0.0,0.0,0.0,0.0,2026-08-28 22:52:02
Realm Support Services_2026-02,Realm Support Services,2026,Feb 2026,2026-02,1,0.87,0.87,1.28,1.28,2026-08-28 22:52:02
Realm Support Services_2026-03,Realm Support Services,2026,Mar 2026,2026-03,0,0.0,0.0,0.0,0.0,2026-08-28 22:52:02
Realm Support Services_2026-04,Realm Support Services,2026,Apr 2026,2026-04,0,0.0,0.0,0.0,0.0,2026-08-28 22:52:02
Realm Support Services_2026-05,Realm Support Services,2026,May 2026,2026-05,1,22.58,22.58,22.91,22.91,2026-08-28 22:52:02
Realm Support Services_2026-06,Realm Support Services,2026,Jun 2026,2026-06,0,0.0,0.0,0.0,0.0,2026-08-28 22:52:02
Realm Support Services_2026-07,Realm Support Services,2026,Jul 2026,2026-07,1,0.03,0.03,0.18,0.18,2026-08-28 22:52:02
Realm Support Services_2026-08,Realm Support Services,2026,Aug 2026,2026-08,0,0.0,0.0,0.0,0.0,2026-08-28 22:52:02
Realm Support Services_2026-09,Realm Support Services,2026,Sep 2026,2026-09,0,0.0,0.0,0.0,0.0,2026-08-28 22:52:02
Realm Support Services_2026-10,Realm Support Services,2026,Oct 2026,2026-10,0,0.0,0.0,0.0,0.0,2026-08-28 22:52:02
Realm Support Services_2026-11,Realm Support Services,2026,Nov 2026,2026-11,0,0.0,0.0,0.0,0.0,2026-08-28 22:52:02
Realm Support Services_2026-12,Realm Support Services,2026,Dec 2026,2026-12,0,0.0,0.0,0.0,0.0,2026-08-28 22:52:02
Wellpass_2022-01,Wellpass,2022,Jan 2022,2022-01,0,0.0,0.0,0.0,0.0,2026-08-28 22:52:02
Wellpass_2022-02,Wellpass,2022,Feb 2022,2022-02,0,0.0,0.0,0.0,0.0,2026-08-28 22:52:02
Wellpass_2022-03,Wellpass,2022,Mar 2022,2022-03,0,0.0,0.0,0.0,0.0,2026-08-28 22:52:02
Wellpass_2022-04,Wellpass,2022,Apr 2022,2022-04,0,0.0,0.0,0.0,0.0,2026-08-28 22:52:02
Wellpass_2022-05,Wellpass,2022,May 2022,2022-05,0,0.0,0.0,0.0,0.0,2026-08-28 22:52:02
Wellpass_2022-06,Wellpass,2022,Jun 2022,2022-06,0,0.0,0.0,0.0,0.0,2026-08-28 22:52:02
Wellpass_2022-07,Wellpass,2022,Jul 2022,2022-07,0,0.0,0.0,0.0,0.0,2026-08-28 22:52:02
Wellpass_2022-08,Wellpass,2022,Aug 2022,2022-08,1,1.68,1.68,2.36,2.36,2026-08-28 22:52:02
Wellpass_2022-09,Wellpass,2022,Sep 2022,2022-09,0,0.0,0.0,0.0,0.0,2026-08-28 22:52:02
Wellpass_2022-10,Wellpass,2022,Oct 2022,2022-10,0,0.0,0.0,0.0,0.0,2026-08-28 22:52:02
Wellpass_2022-11,Wellpass,2022,Nov 2022,2022-11,0,0.0,0.0,0.0,0.0,2026-08-28 22:52:02
Wellpass_2022-12,Wellpass,2022,Dec 2022,2022-12,0,0.0,0.0,0.0,0.0,2026-08-28 22:52:02
Wellpass_2023-01,Wellpass,2023,Jan 2023,2023-01,0,0.0,0.0,0.0,0.0,2026-08-28 22:52:02
Wellpass_2023-02,Wellpass,2023,Feb 2023,2023-02,1,1.03,1.03,1.04,1.04,2026-08-28 22:52:02
Wellpass_2023-03,Wellpass,2023,Mar 2023,2023-03,1,6.91,6.91,19.9,19.9,2026-08-28 22:52:02
Wellpass_2023-04,Wellpass,2023,Apr 2023,2023-04,0,0.0,0.0,0.0,0.0,2026-08-28 22:52:02
Wellpass_2023-05,Wellpass,2023,May 2023,2023-05,3,886.83,3.8,895.08,3.9,2026-08-28 22:52:02
Wellpass_2023-06,Wellpass,2023,Jun 2023,2023-06,0,0.0,0.0,0.0,0.0,2026-08-28 22:52:02
Wellpass_2023-07,Wellpass,2023,Jul 2023,2023-07,1,7.33,7.33,7.41,7.41,2026-08-28 22:52:02
Wellpass_2023-08,Wellpass,2023,Aug 2023,2023-08,0,0.0,0.0,0.0,0.0,2026-08-28 22:52:02
Wellpass_2023-09,Wellpass,2023,Sep 2023,2023-09,0,0.0,0.0,0.0,0.0,2026-08-28 22:52:02
Wellpass_2023-10,Wellpass,2023,Oct 2023,2023-10,0,0.0,0.0,0.0,0.0,2026-08-28 22:52:02
Wellpass_2023-11,Wellpass,2023,Nov 2023,2023-11,3,1.01,0.19,1.73,1.5,2026-08-28 22:52:02
Wellpass_2023-12,Wellpass,2023,Dec 2023,2023-12,0,0.0,0.0,0.0,0.0,2026-08-28 22:52:02
Wellpass_2024-01,Wellpass,2024,Jan 2024,2024-01,0,0.0,0.0,0.0,0.0,2026-08-28 22:52:02
Wellpass_2024-02,Wellpass,2024,Feb 2024,2024-02,0,0.0,0.0,0.0,0.0,2026-08-28 22:52:02
Wellpass_2024-03,Wellpass,2024,Mar 2024,2024-03,1,58.87,58.87,59.73,59.73,2026-08-28 22:52:02
Wellpass_2024-04,Wellpass,2024,Apr 2024,2024-04,2,1553.27,1553.27,1574.58,1574.58,2026-08-28 22:52:02
Wellpass_2024-05,Wellpass,2024,May 2024,2024-05,0,0.0,0.0,0.0,0.0,2026-08-28 22:52:02
Wellpass_2024-06,Wellpass,2024,Jun 2024,2024-06,0,0.0,0.0,0.0,0.0,2026-08-28 22:52:02
Wellpass_2024-07,Wellpass,2024,Jul 2024,2024-07,0,0.0,0.0,0.0,0.0,2026-08-28 22:52:02
Wellpass_2024-08,Wellpass,2024,Aug 2024,2024-08,3,5.85,0.67,6.13,1.02,2026-08-28 22:52:02
Wellpass_2024-09,Wellpass,2024,Sep 2024,2024-09,1,4.85,4.85,6.78,6.78,2026-08-28 22:52:02
Wellpass_2024-10,Wellpass,2024,Oct 2024,2024-10,0,0.0,0.0,0.0,0.0,2026-08-28 22:52:02
Wellpass_2024-11,Wellpass,2024,Nov 2024,2024-11,3,103.9,138.6,140.62,139.1,2026-08-28 22:52:02
Wellpass_2024-12,Wellpass,2024,Dec 2024,2024-12,1,0.23,0.23,4.83,4.83,2026-08-28 22:52:02
Wellpass_2025-01,Wellpass,2025,Jan 2025,2025-01,3,8.44,0.22,91.02,0.62,2026-08-28 22:52:02
Wellpass_2025-02,Wellpass,2025,Feb 2025,2025-02,0,0.0,0.0,0.0,0.0,2026-08-28 22:52:02
Wellpass_2025-03,Wellpass,2025,Mar 2025,2025-03,3,54.64,0.08,54.96,0.23,2026-08-28 22:52:02
Wellpass_2025-04,Wellpass,2025,Apr 2025,2025-04,3,33.3,0.22,1.47,0.6,2026-08-28 22:52:02
Wellpass_2025-05,Wellpass,2025,May 2025,2025-05,1,0.12,0.12,0.28,0.28,2026-08-28 22:52:02
Wellpass_2025-06,Wellpass,2025,Jun 2025,2025-06,0,0.0,0.0,0.0,0.0,2026-08-28 22:52:02
Wellpass_2025-07,Wellpass,2025,Jul 2025,2025-07,0,0.0,0.0,0.0,0.0,2026-08-28 22:52:02
Wellpass_2025-08,Wellpass,2025,Aug 2025,2025-08,3,99.68,30.25,146.69,169.83,2026-08-28 22:52:02
Wellpass_2025-09,Wellpass,2025,Sep 2025,2025-09,3,125.92,17.63,183.46,17.7,2026-08-28 22:52:02
Wellpass_2025-10,Wellpass,2025,Oct 2025,2025-10,1,0.42,0.42,0.5,0.5,2026-08-28 22:52:02
Wellpass_2025-11,Wellpass,2025,Nov 2025,2025-11,4,26.14,25.96,73.71,34.46,2026-08-28 22:52:02
Wellpass_2025-12,Wellpass,2025,Dec 2025,2025-12,1,1672.68,1672.68,1674.45,1674.45,2026-08-28 22:52:02
Wellpass_2026-01,Wellpass,2026,Jan 2026,2026-01,2,21.73,21.73,22.48,22.48,2026-08-28 22:52:02
Wellpass_2026-02,Wellpass,2026,Feb 2026,2026-02,0,0.0,0.0,0.0,0.0,2026-08-28 22:52:02
Wellpass_2026-03,Wellpass,2026,Mar 2026,2026-03,2,11.96,11.96,12.61,12.61,2026-08-28 22:52:02
Wellpass_2026-04,Wellpass,2026,Apr 2026,2026-04,3,52.65,9.5,61.06,32.98,2026-08-28 22:52:02
Wellpass_2026-05,Wellpass,2026,May 2026,2026-05,2,9.62,9.62,69.89,69.89,2026-08-28 22:52:02
Wellpass_2026-06,Wellpass,2026,Jun 2026,2026-06,2,4.41,4.41,4.89,4.89,2026-08-28 22:52:02
Wellpass_2026-07,Wellpass,2026,Jul 2026,2026-07,1,1.05,1.05,1.36,1.36,2026-08-28 22:52:02
Wellpass_2026-08,Wellpass,2026,Aug 2026,2026-08,4,0.93,0.66,0.64,0.59,2026-08-28 22:52:02
Wellpass_2026-09,Wellpass,2026,Sep 2026,2026-09,0,0.0,0.0,0.0,0.0,2026-08-28 22:52:02
Wellpass_2026-10,Wellpass,2026,Oct 2026,2026-10,0,0.0,0.0,0.0,0.0,2026-08-28 22:52:02
Wellpass_2026-11,Wellpass,2026,Nov 2026,2026-11,0,0.0,0.0,0.0,0.0,2026-08-28 22:52:02
Wellpass_2026-12,Wellpass,2026,Dec 2026,2026-12,0,0.0,0.0,0.0,0.0,2026-08-28 22:52:02
